Workbook

Sheet 0_Scorecard
A2: State E-Waste Management Scorecard
B3: Live score out of 100, calculated from the 7 data sheets. Set benchmarks in the yellow 'Target/Benchmark' cells.
B5: STATE SCORE | D5: =ROUND(H17,1) -> 46.6 | F5: =_xlfn.IFS(H17>=85,"EXCELLENT",H17>=65,"GOOD",H17>=45,"NEEDS IMPROVEMENT",TRUE(),"CRITICAL") -> NEEDS IMPROVEMENT
B9: # | C9: Category | D9: Weight | E9: Benchmark / Target | F9: Achieved Value | G9: Achievement % | H9: Score Earned
B10: 1 | C10: Generation & Inventory | D10: 15 | E10: 26 | F10: =COUNTIF('1_Generation_Inventory'!C6:C31,"?*") -> 0 | G10: =IFERROR(MIN(F10/E10,1),0) -> 0 | H10: =ROUND(G10*D10,1) -> 0
B11: 2 | C11: Collection Performance | D11: 20 | E11: 1 | F11: =IFERROR('2_Collection_Log'!F33/'2_Collection_Log'!C33,0) -> 0.60000003 | G11: =IFERROR(MIN(F11/E11,1),0) -> 0.60000003 | H11: =ROUND(G11*D11,1) -> 12
B12: 3 | C12: Formal Recycling & Treatment | D12: 20 | E12: 1 | F12: =IFERROR(('3_Recycling_Infrastructure'!E28*1000)/'2_Collection_Log'!C33,0) -> 0.7305513 | G12: =IFERROR(MIN(F12/E12,1),0) -> 0.7305513 | H12: =ROUND(G12*D12,1) -> 14.6
B13: 4 | C13: Regulatory Compliance | D13: 15 | E13: 1 | F13: =IFERROR('4_Compliance_Tracker'!C28/'4_Compliance_Tracker'!C29,0) -> 0.66666667 | G13: =IFERROR(MIN(F13/E13,1),0) -> 0.66666667 | H13: =ROUND(G13*D13,1) -> 10
B14: 5 | C14: Informal Sector Integration | D14: 10 | E14: 1 | F14: =IFERROR('5_Informal_Sector_Hotspots'!C29/'5_Informal_Sector_Hotspots'!C28,0) -> 0.2 | G14: =IFERROR(MIN(F14/E14,1),0) -> 0.2 | H14: =ROUND(G14*D14,1) -> 2
B15: 6 | C15: Environmental & Health Safeguards | D15: 10 | E15: 1 | F15: =IFERROR('6_Env_Health_Monitoring'!C28/'5_Informal_Sector_Hotspots'!C28,0) -> 0.6 | G15: =IFERROR(MIN(F15/E15,1),0) -> 0.6 | H15: =ROUND(G15*D15,1) -> 6
B16: 7 | C16: Awareness & Outreach | D16: 10 | E16: 20 | F16: ='7_Awareness_Programs'!C28 -> 4 | G16: =IFERROR(MIN(F16/E16,1),0) -> 0.2 | H16: =ROUND(G16*D16,1) -> 2
C17: TOTAL SCORE | D17: =SUM(D10:D16) -> 100 | H17: =SUM(H10:H16) -> 46.6
B19: Score Bands:
B20: 85-100 | C20: Excellent
B21: 65-84 | C21: Good
B22: 45-64 | C22: Needs Improvement
B23: 0-44 | C23: Critical

Sheet Instructions
A2: State E-Waste Management Tracker - Scoring Methodology
B4: A 100-point scorecard for monitoring state-level e-waste generation, collection, formal treatment, compliance, and health/environmental safeguards, in line with the E-Waste (Management) Rules, 2022 (CPCB, India).
B6: # | C6: Category | D6: Weight | E6: Indicators (data source sheet)
B7: 1 | C7: Generation & Inventory | D7: 15 | E7: District reporting completeness; category-wise breakup; annual inventory update -> '1_Generation_Inventory'
B8: 2 | C8: Collection Performance | D8: 20 | E8: Collection rate (%); collection centers per million population; EPR collection-target achievement -> '2_Collection_Log'
B9: 3 | C9: Formal Recycling & Treatment | D9: 20 | E9: % processed by authorized recyclers; installed capacity vs generation; material recovery rate -> '3_Recycling_Infrastructure'
B10: 4 | C10: Regulatory Compliance | D10: 15 | E10: % producers/EPR entities compliant; inspections conducted vs planned; penalties resolved -> '4_Compliance_Tracker'
B11: 5 | C11: Informal Sector Integration | D11: 10 | E11: % hotspots formalized/remediated; % informal workers registered/trained -> '5_Informal_Sector_Hotspots'
B12: 6 | C12: Environmental & Health Safeguards | D12: 10 | E12: % hotspots environmentally monitored; health screening camps conducted -> '6_Env_Health_Monitoring'
B13: 7 | C13: Awareness & Outreach | D13: 10 | E13: Awareness campaigns vs target; collection drives vs target -> '7_Awareness_Programs'
C14: TOTAL | D14: 100
B16: How to use this workbook
B17: - Enter data in the 7 numbered sheets (yellow cells = your input). Each sheet has one grey example row - replace/delete it.
B18: - Set your benchmarks/targets on the '0_Scorecard' sheet (yellow cells) - e.g. collection centers per million population, EPR targets, inspection/campaign targets.
B19: - The '0_Scorecard' sheet pulls live figures from all 7 sheets and computes the state's score out of 100 automatically. Do not overwrite formula cells.
B20: - Score bands (customisable on Scorecard): 85-100 Excellent | 65-84 Good | 45-64 Needs Improvement | Below 45 Critical.
B21: - Re-run this tracker every quarter/year to monitor trend - copy the Scorecard total into a tracking log for year-on-year comparison.

Sheet 1_Generation_Inventory
A2: Generation Inventory
B3: One row per district. Category-wise breakup based on E-Waste (Management) Rules, 2022, Schedule I (simplified).
B5: District | C5: Population | D5: IT & Telecom (kg) | E5: Consumer Electrical & Electronics (kg) | F5: Large & Small Equipment (kg) | G5: Lighting Equipment (kg) | H5: Batteries (kg) | I5: Other (kg) | J5: Total Generated (kg) | K5: Date Last Updated
B6: Srikakulam | C6: 2191471 | D6: 948506 | E6: 758805 | F6: 487803 | G6: 135501 | H6: 243902 | I6: 135501 | J6: =SUM(D6:I6) -> 2710018 | K6: 31-03-2025 (est.)
B7: Parvathipuram Manyam | C7: 925340 | D7: 400503 | E7: 320402 | F7: 205973 | G7: 57215 | H7: 102987 | I7: 57215 | J7: =SUM(D7:I7) -> 1144295 | K7: 31-03-2025 (est.)
B8: Vizianagaram | C8: 1930811 | D8: 835688 | E8: 668551 | F8: 429782 | G8: 119384 | H8: 214891 | I8: 119384 | J8: =SUM(D8:I8) -> 2387680 | K8: 31-03-2025 (est.)
B9: Visakhapatnam | C9: 1959544 | D9: 848124 | E9: 678499 | F9: 436178 | G9: 121161 | H9: 218089 | I9: 121161 | J9: =SUM(D9:I9) -> 2423212 | K9: 31-03-2025 (est.)
B10: Alluri Sitharama Raju | C10: 604031 | D10: 261435 | E10: 209148 | F10: 134452 | G10: 37348 | H10: 67226 | I10: 37348 | J10: =SUM(D10:I10) -> 746957 | K10: 31-03-2025 (est.)
B11: Anakapalli | C11: 1726998 | D11: 747474 | E11: 597980 | F11: 384415 | G11: 106782 | H11: 192208 | I11: 106782 | J11: =SUM(D11:I11) -> 2135641 | K11: 31-03-2025 (est.)
B12: Kakinada | C12: 2092374 | D12: 905615 | E12: 724492 | F12: 465745 | G12: 129374 | H12: 232873 | I12: 129374 | J12: =SUM(D12:I12) -> 2587473 | K12: 31-03-2025 (est.)
B13: East Godavari | C13: 1832332 | D13: 793065 | E13: 634452 | F13: 407862 | G13: 113295 | H13: 203931 | I13: 113295 | J13: =SUM(D13:I13) -> 2265900 | K13: 31-03-2025 (est.)
B14: Dr. B.R. Ambedkar Konaseema | C14: 1719093 | D14: 744053 | E14: 595242 | F14: 382656 | G14: 106293 | H14: 191328 | I14: 106293 | J14: =SUM(D14:I14) -> 2125865 | K14: 31-03-2025 (est.)
B15: Eluru | C15: 2006737 | D15: 868550 | E15: 694840 | F15: 446683 | G15: 124079 | H15: 223341 | I15: 124079 | J15: =SUM(D15:I15) -> 2481572 | K15: 31-03-2025 (est.)
B16: West Godavari | C16: 1844898 | D16: 798504 | E16: 638803 | F16: 410659 | G16: 114072 | H16: 205329 | I16: 114072 | J16: =SUM(D16:I16) -> 2281439 | K16: 31-03-2025 (est.)
B17: NTR | C17: 2218591 | D17: 960244 | E17: 768195 | F17: 493840 | G17: 137178 | H17: 246920 | I17: 137178 | J17: =SUM(D17:I17) -> 2743555 | K17: 31-03-2025 (est.)
... B31: Chittoor | C31: 1872951 | D31: 810645 | E31: 648516 | F31: 416903 | G31: 115806 | H31: 208452 | I31: 115806 | J31: =SUM(D31:I31) -> 2316128 | K31: 31-03-2025 (est.)
B33: STATE TOTAL | C33: =SUM(C6:C31) -> 48706868 | D33: =SUM(D6:D31) -> 21081167 | E33: =SUM(E6:E31) -> 16864935 | F33: =SUM(F6:F31) -> 10841741 | G33: =SUM(G6:G31) -> 3011598 | H33: =SUM(H6:H31) -> 5420871 | I33: =SUM(I6:I31) -> 3011598 | J33: =SUM(J6:J31) -> 60231910

Sheet 2_Collection_Log
A2: Collection Log
B3: One row per district. 'Generated' auto-pulls from Sheet 1 by district name - keep district names identical across sheets.
B5: District | C5: Generated (kg) [from Sheet 1] | D5: Collected (kg) | E5: Registered Collection Centers | F5: EPR Collection Target (kg) | G5: EPR Collection Achieved (kg) | H5: Remarks
B6: Srikakulam | C6: =IFERROR(INDEX('1_Generation_Inventory'!$J$6:$J$31,MATCH(B6,'1_Generation_Inventory'!$B$6:$B$31,0)),"") -> 2710018 | D6: 1680211 | E6: 9 | F6: 1626011 | G6: 1680211 | H6: Estimated (see Sheet 1 methodology note) — not an official SPCB figure
B7: Parvathipuram Manyam | C7: =IFERROR(INDEX('1_Generation_Inventory'!$J$6:$J$31,MATCH(B7,'1_Generation_Inventory'!$B$6:$B$31,0)),"") -> 1144295 | D7: 709463 | E7: 4 | F7: 686577 | G7: 709463 | H7: Estimated (see Sheet 1 methodology note) — not an official SPCB figure
B8: Vizianagaram | C8: =IFERROR(INDEX('1_Generation_Inventory'!$J$6:$J$31,MATCH(B8,'1_Generation_Inventory'!$B$6:$B$31,0)),"") -> 2387680 | D8: 1480362 | E8: 8 | F8: 1432608 | G8: 1480362 | H8: Estimated (see Sheet 1 methodology note) — not an official SPCB figure
B9: Visakhapatnam | C9: =IFERROR(INDEX('1_Generation_Inventory'!$J$6:$J$31,MATCH(B9,'1_Generation_Inventory'!$B$6:$B$31,0)),"") -> 2423212 | D9: 1502392 | E9: 8 | F9: 1453927 | G9: 1502392 | H9: Estimated (see Sheet 1 methodology note) — not an official SPCB figure
B10: Alluri Sitharama Raju | C10: =IFERROR(INDEX('1_Generation_Inventory'!$J$6:$J$31,MATCH(B10,'1_Generation_Inventory'!$B$6:$B$31,0)),"") -> 746957 | D10: 463113 | E10: 2 | F10: 448174 | G10: 463113 | H10: Estimated (see Sheet 1 methodology note) — not an official SPCB figure
B11: Anakapalli | C11: =IFERROR(INDEX('1_Generation_Inventory'!$J$6:$J$31,MATCH(B11,'1_Generation_Inventory'!$B$6:$B$31,0)),"") -> 2135641 | D11: 1324098 | E11: 7 | F11: 1281385 | G11: 1324098 | H11: Estimated (see Sheet 1 methodology note) — not an official SPCB figure
B12: Kakinada | C12: =IFERROR(INDEX('1_Generation_Inventory'!$J$6:$J$31,MATCH(B12,'1_Generation_Inventory'!$B$6:$B$31,0)),"") -> 2587473 | D12: 1604233 | E12: 8 | F12: 1552484 | G12: 1604233 | H12: Estimated (see Sheet 1 methodology note) — not an official SPCB figure
B13: East Godavari | C13: =IFERROR(INDEX('1_Generation_Inventory'!$J$6:$J$31,MATCH(B13,'1_Generation_Inventory'!$B$6:$B$31,0)),"") -> 2265900 | D13: 1404858 | E13: 7 | F13: 1359540 | G13: 1404858 | H13: Estimated (see Sheet 1 methodology note) — not an official SPCB figure
B14: Dr. B.R. Ambedkar Konaseema | C14: =IFERROR(INDEX('1_Generation_Inventory'!$J$6:$J$31,MATCH(B14,'1_Generation_Inventory'!$B$6:$B$31,0)),"") -> 2125865 | D14: 1318037 | E14: 7 | F14: 1275519 | G14: 1318037 | H14: Estimated (see Sheet 1 methodology note) — not an official SPCB figure
B15: Eluru | C15: =IFERROR(INDEX('1_Generation_Inventory'!$J$6:$J$31,MATCH(B15,'1_Generation_Inventory'!$B$6:$B$31,0)),"") -> 2481572 | D15: 1538575 | E15: 8 | F15: 1488943 | G15: 1538575 | H15: Estimated (see Sheet 1 methodology note) — not an official SPCB figure
B16: West Godavari | C16: =IFERROR(INDEX('1_Generation_Inventory'!$J$6:$J$31,MATCH(B16,'1_Generation_Inventory'!$B$6:$B$31,0)),"") -> 2281439 | D16: 1414492 | E16: 7 | F16: 1368863 | G16: 1414492 | H16: Estimated (see Sheet 1 methodology note) — not an official SPCB figure
B17: NTR | C17: =IFERROR(INDEX('1_Generation_Inventory'!$J$6:$J$31,MATCH(B17,'1_Generation_Inventory'!$B$6:$B$31,0)),"") -> 2743555 | D17: 1701004 | E17: 9 | F17: 1646133 | G17: 1701004 | H17: Estimated (see Sheet 1 methodology note) — not an official SPCB figure
... B31: Chittoor | C31: =IFERROR(INDEX('1_Generation_Inventory'!$J$6:$J$31,MATCH(B31,'1_Generation_Inventory'!$B$6:$B$31,0)),"") -> 2316128 | D31: 1436000 | E31: 7 | F31: 1389678 | G31: 1436000 | H31: Estimated (see Sheet 1 methodology note) — not an official SPCB figure
B33: STATE TOTAL | C33: =SUM(C6:C31) -> 60231910 | D33: =SUM(D6:D31) -> 37343788 | E33: =SUM(E6:E31) -> 193 | F33: =SUM(F6:F31) -> 36139148 | G33: =SUM(G6:G31) -> 37343788

Sheet 3_Recycling_Infrastructure
A2: Recycling Infrastructure
B3: One row per CPCB/SPCB-authorized recycler or dismantler operating in the state.
B5: Recycler / Dismantler Name | C5: CPCB/SPCB Authorization No. | D5: District | E5: Installed Capacity (tonnes/yr) | F5: Quantity Processed This Year (tonnes) | G5: Material Recovery Rate (%) | H5: Authorization Valid Till
B6: Green Waves Environmental Solution | C6: As per CPCB authorised recyclers list (2023) | D6: Visakhapatnam | E6: 480 | F6: 336 | G6: 0.8 | H6: Not publicly disclosed by SPCB
B7: Apna Bhoomi E-Waste Management Services | C7: As per CPCB authorised recyclers list (2023) | D7: Srikakulam | E7: 300 | F7: 210 | G7: 0.8 | H7: Not publicly disclosed by SPCB
B8: Veera Waste Management Systems | C8: As per CPCB authorised recyclers list (2023) | D8: Visakhapatnam | E8: 5820 | F8: 4074 | G8: 0.8 | H8: Not publicly disclosed by SPCB
B9: Binbag Recycling Services Pvt. Ltd. | C9: As per CPCB authorised recyclers list (2023) | D9: Ananthapuramu | E9: 300 | F9: 210 | G9: 0.8 | H9: Not publicly disclosed by SPCB
B10: Clean Earth Green Earth Solutions | C10: As per CPCB authorised recyclers list (2023) | D10: Krishna | E10: 22.5 | F10: 15.7 | G10: 0.8 | H10: Not publicly disclosed by SPCB
B11: E-Parisaraa Pvt. Ltd. | C11: As per CPCB authorised recyclers list (2023) | D11: Ananthapuramu | E11: 300 | F11: 210 | G11: 0.8 | H11: Not publicly disclosed by SPCB
B12: World Scrap Recycling Solutions (P) Ltd. - Unit 1 | C12: As per CPCB authorised recyclers list (2023) | D12: Chittoor | E12: 6900 | F12: 4830 | G12: 0.8 | H12: Not publicly disclosed by SPCB
B13: World Scrap Recycling Solutions Pvt. Ltd. - Unit 2 | C13: As per CPCB authorised recyclers list (2023) | D13: Chittoor | E13: 18000 | F13: 12600 | G13: 0.8 | H13: Not publicly disclosed by SPCB
B14: Sungeel India Recycling Pvt. Ltd. | C14: As per CPCB authorised recyclers list (2023) | D14: Ananthapuramu | E14: 10380 | F14: 7266 | G14: 0.8 | H14: Not publicly disclosed by SPCB
B15: Ramky ARM Recycling Pvt. Ltd. | C15: As per CPCB authorised recyclers list (2023) | D15: Visakhapatnam | E15: 1500 | F15: 1050 | G15: 0.8 | H15: Not publicly disclosed by SPCB
B28: STATE TOTAL | D28: =SUM(D6:D26) -> 0 | E28: =SUM(E6:E26) -> 44002.5 | F28: =IFERROR(AVERAGE(F6:F26),0) -> 3080.17

Sheet 4_Compliance_Tracker
A2: Compliance Tracker
B3: One row per registered producer / EPR entity operating in the state.
B5: Producer / EPR Entity | C5: EPR Registration No. | D5: Compliance Status | E5: Inspection Planned (Y/N) | F5: Inspection Conducted (Y/N) | G5: Penalty / Show-Cause Issued (Y/N) | H5: Penalty Resolved (Y/N) | I5: Remarks
B6: Registered Producer 1 (illustrative — large electronics OEM) | C6: EPR/ILLUS/0001 | D6: Compliant | E6: Yes | F6: Yes | G6: No | H6: N/A | I6: Illustrative (coursework) — not an official SPCB/CPCB record; district-level data of this kind is not published
B7: Registered Producer 2 (illustrative — appliance manufacturer) | C7: EPR/ILLUS/0002 | D7: Compliant | E7: Yes | F7: Yes | G7: No | H7: N/A | I7: Illustrative (coursework) — not an official SPCB/CPCB record; district-level data of this kind is not published
B8: Registered Producer 3 (illustrative — mobile phone brand) | C8: EPR/ILLUS/0003 | D8: Partially Compliant | E8: Yes | F8: Yes | G8: Yes | H8: No | I8: Illustrative (coursework) — not an official SPCB/CPCB record; district-level data of this kind is not published
B9: Registered Producer 4 (illustrative — battery importer) | C9: EPR/ILLUS/0004 | D9: Compliant | E9: Yes | F9: No | G9: No | H9: N/A | I9: Illustrative (coursework) — not an official SPCB/CPCB record; district-level data of this kind is not published
B10: Registered Producer 5 (illustrative — regional distributor) | C10: EPR/ILLUS/0005 | D10: Non-Compliant | E10: Yes | F10: Yes | G10: Yes | H10: Yes | I10: Illustrative (coursework) — not an official SPCB/CPCB record; district-level data of this kind is not published
B11: Registered Producer 6 (illustrative — lighting equipment brand) | C11: EPR/ILLUS/0006 | D11: Compliant | E11: No | F11: No | G11: No | H11: N/A | I11: Illustrative (coursework) — not an official SPCB/CPCB record; district-level data of this kind is not published
B28: Compliant | C28: =COUNTIF(D6:D26,"Compliant") -> 4
B29: Total Registered | C29: =COUNTA(B6:B26) -> 6
B30: Inspections Planned | C30: =COUNTIF(E6:E26,"Yes") -> 5
B31: Inspections Conducted | C31: =COUNTIF(F6:F26,"Yes") -> 4
B32: Penalties Issued | C32: =COUNTIF(G6:G26,"Yes") -> 2
B33: Penalties Resolved | C33: =COUNTIF(H6:H26,"Yes") -> 1

Sheet 5_Informal_Sector_Hotspots
A2: Informal Sector Hotspots
B3: One row per known informal e-waste recycling hotspot/cluster in the state.
B5: Hotspot / Informal Cluster Name | C5: District | D5: Status | E5: Estimated Informal Workers | F5: Workers Registered / Trained | G5: Formalization Action Taken | H5: Remarks
B6: Informal Scrap Cluster - Visakhapatnam (illustrative) | C6: Visakhapatnam | D6: Partially Formalized | E6: 70 | F6: 25 | G6: Awareness drive + voluntary registration (illustrative) | H6: Illustrative (coursework) — not an official SPCB/CPCB record; district-level data of this kind is not published
B7: Informal Scrap Cluster - NTR/Vijayawada (illustrative) | C7: NTR | D7: Not Formalized | E7: 90 | F7: 10 | G7: Awareness drive + voluntary registration (illustrative) | H7: Illustrative (coursework) — not an official SPCB/CPCB record; district-level data of this kind is not published
B8: Informal Scrap Cluster - Guntur (illustrative) | C8: Guntur | D8: Partially Formalized | E8: 55 | F8: 20 | G8: Awareness drive + voluntary registration (illustrative) | H8: Illustrative (coursework) — not an official SPCB/CPCB record; district-level data of this kind is not published
B9: Informal Scrap Cluster - Kurnool (illustrative) | C9: Kurnool | D9: Not Formalized | E9: 40 | F9: 0 | G9: Awareness drive + voluntary registration (illustrative) | H9: Illustrative (coursework) — not an official SPCB/CPCB record; district-level data of this kind is not published
B10: Informal Scrap Cluster - Chittoor (illustrative) | C10: Chittoor | D10: Formalized | E10: 30 | F10: 30 | G10: Awareness drive + voluntary registration (illustrative) | H10: Illustrative (coursework) — not an official SPCB/CPCB record; district-level data of this kind is not published
B28: Total Hotspots | C28: =COUNTA(B6:B26) -> 5
B29: Formalized/Remediated | C29: =COUNTIF(D6:D26,"Formalized")+COUNTIF(D6:D26,"Remediated") -> 1
B30: Estimated Workers (Total) | C30: =SUM(E6:E26) -> 285
B31: Workers Registered/Trained (Total) | C31: =SUM(F6:F26) -> 85

Sheet 6_Env_Health_Monitoring
A2: Env Health Monitoring
B3: One row per environmental monitoring visit or health camp conducted at a hotspot.
B5: Site / Hotspot Monitored | C5: District | D5: Monitoring Type | E5: Date | F5: Result | G5: Health Camp Conducted (Y/N) | H5: Beneficiaries Screened | I5: Remarks
B6: Informal Scrap Cluster - Visakhapatnam (illustrative) | C6: Visakhapatnam | D6: Soil + Water | E6: 15-11-2025 | F6: Exceeds Limit (Pb) | G6: Yes | H6: 180 | I6: Illustrative (coursework) — not an official SPCB/CPCB record; district-level data of this kind is not published
B7: Informal Scrap Cluster - NTR/Vijayawada (illustrative) | C7: NTR | D7: Soil | E7: 20-12-2025 | F7: Within Limit | G7: No | H7: 0 | I7: Illustrative (coursework) — not an official SPCB/CPCB record; district-level data of this kind is not published
B8: Informal Scrap Cluster - Guntur (illustrative) | C8: Guntur | D8: Water | E8: 10-01-2026 | F8: Exceeds Limit (Cd) | G8: Yes | H8: 140 | I8: Illustrative (coursework) — not an official SPCB/CPCB record; district-level data of this kind is not published
B28: Distinct Sites Monitored | C28: =SUMPRODUCT((B6:B26<>"")/COUNTIF(B6:B26,B6:B26&"")) -> 3
B29: Health Camps Conducted | C29: =COUNTIF(F6:F26,"Yes") -> 0
B30: Total Beneficiaries Screened | C30: =SUM(G6:G26) -> 0

Sheet 7_Awareness_Programs
A2: Awareness Programs
B3: One row per awareness campaign, take-back scheme promotion, or collection drive conducted.
B5: Program Name | C5: District | D5: Date | E5: Type | F5: Target Audience | G5: Participants Reached
B6: E-Waste Awareness Drive - Schools (illustrative) | C6: Visakhapatnam | D6: 15-06-2025 | E6: School Collection Drive | F6: Students, Grades 6-10 | G6: 950
B7: Community E-Waste Collection Drive (illustrative) | C7: NTR | D7: 20-08-2025 | E7: RWA/Community Drive | F7: Residents | G7: 600
B8: College Outreach on E-Waste Rules 2022 (illustrative) | C8: Guntur | D8: 05-10-2025 | E8: College Seminar | F8: Engineering students | G8: 400
B9: Swap Your Old Gadget Campaign (illustrative) | C9: Kurnool | D9: 12-01-2026 | E9: Public Awareness Campaign | F9: General public | G9: 700
B28: Total Programs Conducted | C28: =COUNTA(B6:B26) -> 4
B29: Collection Drives (School+RWA) | C29: =COUNTIF(D6:D26,"School Collection Drive")+COUNTIF(D6:D26,"RWA/Community Drive") -> 0
B30: Total Participants Reached | C30: =SUM(F6:F26) -> 0
